timestamp,value,volume
2022-01-01,47722.65,19604.46325000
2022-01-02,47286.18,18340.46040000
2022-01-03,46446.10,27662.07710000
2022-01-04,45832.01,35491.41360000
2022-01-05,43451.13,51784.11857000
2022-01-06,43082.31,38880.37305000
2022-01-07,41566.48,54836.50818000
2022-01-08,41679.74,32952.73111000
2022-01-09,41864.62,22724.39426000
2022-01-10,41822.49,50729.17019000
2022-01-11,42729.29,37296.43729000
2022-01-12,43902.66,33943.29280000
2022-01-13,42560.11,34910.87762000
2022-01-14,43059.96,32640.88292000
2022-01-15,43084.29,21936.05616000
2022-01-16,43071.66,20602.35271000
2022-01-17,42201.62,27562.08613000
2022-01-18,42352.12,29324.08257000
2022-01-19,41660.01,31685.72159000
2022-01-20,40680.91,42330.33953000
2022-01-21,36445.31,88860.89199900
2022-01-22,35071.42,90471.33896100
2022-01-23,36244.55,44279.52354000
2022-01-24,36660.35,91904.75321100
2022-01-25,36958.32,49232.40183000
2022-01-26,36809.34,69830.16036000
2022-01-27,37160.10,53020.87934000
2022-01-28,37716.56,42154.26956000
2022-01-29,38166.84,26129.49682000
2022-01-30,37881.76,21430.66527000
2022-01-31,38466.90,36855.24580000
2022-02-01,38694.59,34574.44663000
2022-02-02,36896.36,35794.68130000
2022-02-03,37311.61,32081.10999000
2022-02-04,41574.25,64703.95874000
2022-02-05,41382.59,32532.34372000
2022-02-06,42380.87,22405.16704000
2022-02-07,43839.99,51060.62006000
2022-02-08,44042.99,64880.29387000
2022-02-09,44372.72,34428.16729000
2022-02-10,43495.44,62357.29091000
2022-02-11,42373.73,44975.16870000
2022-02-12,42217.87,26556.85681000
2022-02-13,42053.66,17732.08113000
2022-02-14,42535.94,34010.13060000
2022-02-15,44544.86,38095.19576000
2022-02-16,43873.56,28471.87270000
2022-02-17,40515.70,47245.99494000
2022-02-18,39974.44,43845.92241000
2022-02-19,40079.17,18042.05510000
2022-02-20,38386.89,33439.29011000
2022-02-21,37008.16,62347.68496000
2022-02-22,38230.33,53785.94589000
2022-02-23,37250.01,43560.73200000
2022-02-24,38327.21,120476.29458000
2022-02-25,39219.17,56574.57125000
2022-02-26,39116.72,29361.25680000
2022-02-27,37699.07,46229.44719000
2022-02-28,43160.00,73945.63858000
2022-03-01,44421.20,61743.09873000
2022-03-02,43892.98,57782.65081000
2022-03-03,42454.00,50940.61021000
2022-03-04,39148.66,61964.68498000
2022-03-05,39397.96,30363.13341000
2022-03-06,38420.81,39677.26158000
2022-03-07,37988.00,63994.11559000
2022-03-08,38730.63,55583.06638000
2022-03-09,41941.71,67392.58799000
2022-03-10,39422.00,71962.93154000
2022-03-11,38729.57,59018.76420000
2022-03-12,38807.36,24034.36432000
2022-03-13,37777.34,32791.82359000
2022-03-14,39671.37,46945.45375000
2022-03-15,39280.33,46015.54926000
2022-03-16,41114.00,88120.76167000
2022-03-17,40917.90,37189.38087000
2022-03-18,41757.51,45408.00969000
2022-03-19,42201.13,29067.18108000
2022-03-20,41262.11,30653.33468000
2022-03-21,41002.25,39426.24877000
2022-03-22,42364.13,59454.94294000
2022-03-23,42882.76,40828.87039000
2022-03-24,43991.46,56195.12374000
2022-03-25,44313.16,54614.43648000
2022-03-26,44511.27,23041.61741000
2022-03-27,46827.76,41874.91071000
2022-03-28,47122.21,58949.26140000
2022-03-29,47434.80,36772.28457000
2022-03-30,47067.99,40947.20850000
2022-03-31,45510.34,48645.12667000
2022-04-01,46283.49,56271.06474000
2022-04-02,45811.00,37073.53582000
2022-04-03,46407.35,33394.67794000
2022-04-04,46580.51,44641.87514000
2022-04-05,45497.55,42192.74852000
2022-04-06,43170.47,60849.32936000
2022-04-07,43444.19,37396.54156000
2022-04-08,42252.01,42375.04203000
2022-04-09,42753.97,17891.66047000
2022-04-10,42158.85,22771.09403000
2022-04-11,39530.45,63560.44721000
2022-04-12,40074.94,57751.01778000
2022-04-13,41147.79,41342.27254000
2022-04-14,39942.38,36807.01401000
2022-04-15,40551.90,24026.35739000
2022-04-16,40378.71,15805.44718000
2022-04-17,39678.12,19988.49259000
2022-04-18,40801.13,54243.49575000
2022-04-19,41493.18,35788.85843000
2022-04-20,41358.19,40877.35041000
2022-04-21,40480.01,59316.27657000
2022-04-22,39709.18,46664.01960000
2022-04-23,39441.60,20291.42375000
2022-04-24,39450.13,26703.61186000
2022-04-25,40426.08,63037.12784000
2022-04-26,38112.65,66650.25800000
2022-04-27,39235.72,57083.12272000
2022-04-28,39742.07,56086.67150000
2022-04-29,38596.11,51453.65715000
2022-04-30,37630.80,35321.18989000
2022-05-01,38468.35,38812.24104000
2022-05-02,38525.16,53200.92628000
2022-05-03,37728.95,40316.45358000
2022-05-04,39690.00,62574.61736000
2022-05-05,36552.97,88722.43355000
2022-05-06,36013.77,68437.80187000
2022-05-07,35472.39,34281.70682000
2022-05-08,34038.40,72445.64344000
2022-05-09,30076.31,191876.92642800
2022-05-10,31017.10,165532.00311000
2022-05-11,29103.94,207063.73927800
2022-05-12,29029.75,204507.26313800
2022-05-13,29287.05,97872.36957000
2022-05-14,30086.74,51095.87863000
2022-05-15,31328.89,46275.66912000
2022-05-16,29874.01,73082.19658000
2022-05-17,30444.93,56724.13307000
2022-05-18,28715.32,59749.15799000
2022-05-19,30319.23,67877.36415000
2022-05-20,29201.01,60517.25325000
2022-05-21,29445.06,20987.13124000
2022-05-22,30293.94,36158.98748000
2022-05-23,29109.15,63901.49932000
2022-05-24,29654.58,59442.96036000
2022-05-25,29542.15,59537.38659000
2022-05-26,29201.35,94581.65463000
2022-05-27,28629.80,90998.52010000
2022-05-28,29031.33,34479.35127000
2022-05-29,29468.10,27567.34764000
2022-05-30,31734.22,96785.94760000
2022-05-31,31801.04,62433.11632000
2022-06-01,29805.83,103395.63382000
2022-06-02,30452.62,56961.42928000
2022-06-03,29700.21,54067.44727000
2022-06-04,29864.04,25617.90113000
2022-06-05,29919.21,23139.92810000
2022-06-06,31373.10,68836.92456000
2022-06-07,31125.33,110674.51658000
2022-06-08,30204.77,68542.61276000
2022-06-09,30109.93,46291.18650000
2022-06-10,29091.88,76204.24980000
2022-06-11,28424.70,65901.39895000
2022-06-12,26574.53,92474.59880900
2022-06-13,22487.41,254611.03496600
2022-06-14,22136.41,187201.64671000
2022-06-15,22583.72,200774.49346700
2022-06-16,20401.31,99673.59429000
2022-06-17,20468.81,86694.33663000
2022-06-18,18970.79,196441.65552400
2022-06-19,20574.00,128320.87595000
2022-06-20,20573.89,109028.94154000
2022-06-21,20723.52,104371.07490000
2022-06-22,19987.99,92133.97938000
2022-06-23,21110.13,83127.08716000
2022-06-24,21237.69,77430.36622000
2022-06-25,21491.19,51431.67794000
2022-06-26,21038.07,53278.10464000
2022-06-27,20742.56,64475.00130000
2022-06-28,20281.29,63801.08320000
2022-06-29,20123.01,77309.04379000
2022-06-30,19942.21,93846.64806000
2022-07-01,19279.80,111844.59494000
2022-07-02,19252.81,46180.30210000
2022-07-03,19315.83,51087.46631000
2022-07-04,20236.71,74814.04601000
2022-07-05,20175.83,96041.13756000
2022-07-06,20564.51,82439.58080000
2022-07-07,21624.98,85014.58261000
2022-07-08,21594.75,403081.57349000
2022-07-09,21591.83,178417.84468000
2022-07-10,20862.47,192188.21556000
2022-07-11,19963.61,137535.40724000
2022-07-12,19328.75,139506.45862000
2022-07-13,20234.87,209250.24888000
2022-07-14,20588.84,174809.21696000
2022-07-15,20830.04,143343.30490000
2022-07-16,21195.60,121011.67393000
2022-07-17,20798.16,118229.45250000
2022-07-18,22432.58,239942.73132000
2022-07-19,23396.62,263770.76574000
2022-07-20,23223.30,238762.17094000
2022-07-21,23152.19,184817.68191000
2022-07-22,22684.83,171598.43966000
2022-07-23,22451.07,122137.77375000
2022-07-24,22579.68,115189.67277000
2022-07-25,21310.90,180344.76643000
2022-07-26,21254.67,177817.24326000
2022-07-27,22952.45,210971.19796000
2022-07-28,23842.93,236029.07410000
2022-07-29,23773.75,198298.50623000
2022-07-30,23643.51,151060.13211000
2022-07-31,23293.32,127743.32483000
2022-08-01,23268.01,144210.16219000
2022-08-02,22987.79,158073.28225000
2022-08-03,22818.37,145948.80995000
2022-08-04,22622.98,154854.67016000
2022-08-05,23312.42,175251.69749000
2022-08-06,22954.21,83911.80307000
2022-08-07,23174.39,88890.00877000
2022-08-08,23810.00,170958.44152000
2022-08-09,23149.95,143182.50858000
2022-08-10,23954.05,208916.54953000
2022-08-11,23934.39,249759.79557000
2022-08-12,24403.68,174207.57040000
2022-08-13,24441.38,152852.25435000
2022-08-14,24305.24,151206.14473000
2022-08-15,24094.82,242539.54758000
2022-08-16,23854.74,179324.94821000
2022-08-17,23342.66,210668.68766000
2022-08-18,23191.20,144185.97011000
2022-08-19,20834.39,283995.87747000
2022-08-20,21140.07,183041.68363000
2022-08-21,21515.61,159200.68410000
2022-08-22,21399.83,222222.04526000
2022-08-23,21529.12,200967.77164000
2022-08-24,21368.08,174383.22046000
2022-08-25,21559.04,169915.78301000
2022-08-26,20241.05,273811.61955000
2022-08-27,20037.60,162582.46032000
2022-08-28,19555.61,139307.95976000
2022-08-29,20285.73,210509.49545000
2022-08-30,19811.66,256634.35529000
2022-08-31,20050.02,276946.60765000
2022-09-01,20131.46,245289.97263000
2022-09-02,19951.86,245986.60330000
2022-09-03,19831.90,146639.03204000
2022-09-04,20000.30,145588.77893000
2022-09-05,19796.84,222543.01057000
2022-09-06,18790.61,356315.05718000
2022-09-07,19292.84,287394.77880000
2022-09-08,19319.77,262813.28273000
2022-09-09,21360.11,428919.74652000
2022-09-10,21648.34,307997.33504000
2022-09-11,21826.87,280702.55149000
2022-09-12,22395.74,395395.61828000
2022-09-13,20173.57,431915.03333000
2022-09-14,20226.71,340826.40151000
2022-09-15,19701.88,333069.76076000
2022-09-16,19803.30,283791.07064000
2022-09-17,20113.62,179350.24338000
2022-09-18,19416.18,254217.46904000
2022-09-19,19537.02,380512.40306000
2022-09-20,18875.00,324098.32860000
2022-09-21,18461.36,385034.10021000
2022-09-22,19401.63,379321.72111000
2022-09-23,19289.91,385886.91829000
2022-09-24,18920.50,239496.56746000
2022-09-25,18807.38,191191.44920000
2022-09-26,19227.82,439239.21943000
2022-09-27,19079.13,593260.74161000
2022-09-28,19412.82,521385.45547000
2022-09-29,19591.51,406424.93256000
2022-09-30,19422.61,444322.95340000
2022-10-01,19310.95,165625.13959000
2022-10-02,19056.80,206812.47032000
2022-10-03,19629.08,293585.75212000
2022-10-04,20337.82,327012.00127000
2022-10-05,20158.26,312239.75224000
2022-10-06,19960.67,320122.17020000
2022-10-07,19530.09,220874.83913000
2022-10-08,19417.96,102480.09842000
2022-10-09,19439.02,113900.82681000
2022-10-10,19131.87,212509.09849000
2022-10-11,19060.00,243473.84286000
2022-10-12,19155.53,213826.26731000
2022-10-13,19375.13,399756.68337000
2022-10-14,19176.93,351634.32601000
2022-10-15,19069.39,113847.64232000
2022-10-16,19262.98,131894.61885000
2022-10-17,19549.86,222813.87634000
2022-10-18,19327.44,260313.07848000
2022-10-19,19123.97,186137.29538000
2022-10-20,19041.92,223530.13068000
2022-10-21,19164.37,269310.75769000
2022-10-22,19204.35,110403.90837000
2022-10-23,19570.40,167057.20184000
2022-10-24,19329.72,256168.14467000
2022-10-25,20080.07,326370.67061000
2022-10-26,20771.59,380492.69576000
2022-10-27,20295.11,328643.57791000
2022-10-28,20591.84,287039.94569000
2022-10-29,20809.67,254881.77755000
2022-10-30,20627.48,192795.60886000
2022-10-31,20490.74,303567.61628000
2022-11-01,20483.62,279932.43771000
2022-11-02,20151.84,373716.27299000
2022-11-03,20207.82,319185.15440000
2022-11-04,21148.52,453694.39165000
2022-11-05,21299.37,245621.98525000
2022-11-06,20905.58,230036.97217000
2022-11-07,20591.13,386977.60337000
2022-11-08,18547.23,760705.36278300
2022-11-09,15922.81,731926.92972900
2022-11-10,17601.15,608448.36432000
2022-11-11,17070.31,393552.86492000
2022-11-12,16812.08,167819.96035000
2022-11-13,16329.85,184960.78846000
2022-11-14,16619.46,380210.77750000
2022-11-15,16900.57,282461.84391000
2022-11-16,16662.76,261493.40809000
2022-11-17,16692.56,228038.97873000
2022-11-18,16700.45,214224.18184000
2022-11-19,16700.68,104963.15558000
2022-11-20,16280.23,154842.13478000
2022-11-21,15781.29,324096.99775300
2022-11-22,16226.94,239548.06623000
2022-11-23,16603.11,264927.70408000
2022-11-24,16598.95,206565.92346000
2022-11-25,16522.14,182089.49533000
2022-11-26,16458.57,181804.81666000
2022-11-27,16428.78,162025.47607000
2022-11-28,16212.91,252695.40367000
2022-11-29,16442.53,248106.25009000
2022-11-30,17163.64,303019.80719000
2022-12-01,16977.37,232818.18218000
2022-12-02,17092.74,202372.20620000
2022-12-03,16885.20,154542.57306000
2022-12-04,17105.70,178619.13387000
2022-12-05,16966.35,233703.29225000
2022-12-06,17088.96,218730.76883000
2022-12-07,16836.64,220657.41334000
2022-12-08,17224.10,236417.97804000
2022-12-09,17128.56,238422.06465000
2022-12-10,17127.49,140573.97937000
2022-12-11,17085.05,155286.47871000
2022-12-12,17209.83,226227.49694000
2022-12-13,17774.70,284462.91390000
2022-12-14,17803.15,266681.22209000
2022-12-15,17356.34,223701.96882000
2022-12-16,16632.12,253379.04116000
2022-12-17,16776.52,144825.66684000
2022-12-18,16738.21,112619.31646000
2022-12-19,16438.88,179094.28305000
2022-12-20,16895.56,248808.92324000
2022-12-21,16824.67,156810.96362000
2022-12-22,16821.43,176044.27235000
2022-12-23,16778.50,161612.00947000
2022-12-24,16836.12,100224.29096000
2022-12-25,16832.11,125441.07202000
2022-12-26,16919.39,124564.00656000
2022-12-27,16706.36,173749.58616000
2022-12-28,16547.31,193037.56577000
2022-12-29,16633.47,160998.47158000
2022-12-30,16607.48,164916.31174000
2022-12-31,16542.40,114490.42864000
2023-01-01,16616.75,96925.41374000
2023-01-02,16672.87,121888.57191000
2023-01-03,16675.18,159541.53733000
2023-01-04,16850.36,220362.18862000
2023-01-05,16831.85,163473.56641000
2023-01-06,16950.65,207401.28415000
2023-01-07,16943.57,104526.56880000
2023-01-08,17127.83,135155.89695000
2023-01-09,17178.26,266211.52723000
2023-01-10,17440.66,221382.42581000
2023-01-11,17943.26,262221.60653000
2023-01-12,18846.62,454568.32178000
2023-01-13,19930.01,368615.87823000
2023-01-14,20954.92,393913.74951000
2023-01-15,20871.50,178542.22549000
2023-01-16,21185.65,293078.08262000
2023-01-17,21134.81,275407.74409000
2023-01-18,20677.47,350916.01949000
2023-01-19,21071.59,251385.84925000
2023-01-20,22667.21,338079.13659000
2023-01-21,22783.55,346445.48432000
2023-01-22,22707.88,253577.75286000
2023-01-23,22916.45,293588.37938000
2023-01-24,22632.89,293158.78254000
2023-01-25,23060.94,346042.83223000
2023-01-26,23009.65,288924.43581000
2023-01-27,23074.16,280833.86315000
2023-01-28,23022.60,148115.71085000
2023-01-29,23742.30,295688.79204000
2023-01-30,22826.15,302405.90121000
2023-01-31,23125.13,264649.34909000
2023-02-01,23732.66,310790.42271000
2023-02-02,23488.94,364177.20751000
2023-02-03,23431.90,332571.02904000
2023-02-04,23326.84,166126.47295000
2023-02-05,22932.91,209251.33917000
2023-02-06,22762.52,265371.60690000
2023-02-07,23240.46,308006.72482000
2023-02-08,22963.00,280056.30717000
2023-02-09,21796.35,402894.69550000
2023-02-10,21625.19,338591.94247000
2023-02-11,21862.55,177021.58433000
2023-02-12,21783.54,204435.65163000
2023-02-13,21773.97,295730.76791000
2023-02-14,22199.84,361958.40109000
2023-02-15,24324.05,375669.16111000
2023-02-16,23517.72,450080.68366000
2023-02-17,24569.97,496813.21376000
2023-02-18,24631.95,216917.25213000
2023-02-19,24271.76,300395.99542000
2023-02-20,24842.20,346938.56997000
2023-02-21,24452.16,376000.82868000
2023-02-22,24182.21,379425.75365000
2023-02-23,23940.20,398400.45437000
2023-02-24,23185.29,343582.57453000
2023-02-25,23157.07,191311.81010000
2023-02-26,23554.85,202323.73623000
2023-02-27,23492.09,283706.08590000
2023-02-28,23141.57,264140.99894000
2023-03-01,23628.97,315287.41737000
2023-03-02,23465.32,239315.45219000
2023-03-03,22354.34,319954.19785000
2023-03-04,22346.57,121257.38132000
2023-03-05,22430.24,154841.75786000
2023-03-06,22410.00,203751.82957000
2023-03-07,22197.96,292519.80912000
2023-03-08,21705.44,301460.57272000
2023-03-09,20362.22,443658.28584000
2023-03-10,20150.69,618456.46710000
2023-03-11,20455.73,427831.82133000
2023-03-12,21997.11,430944.94288000
2023-03-13,24113.48,687889.31259000
2023-03-14,24670.41,699360.93423000
2023-03-15,24285.66,581450.72984000
2023-03-16,24998.78,439421.32998000
2023-03-17,27395.13,624460.68091000
2023-03-18,26907.49,371238.97174000
2023-03-19,27972.87,372066.99054000
2023-03-20,27717.01,477378.23373000
2023-03-21,28105.47,420929.74220000
2023-03-22,27250.97,224113.41296000
2023-03-23,28295.41,128649.60818000
2023-03-24,27454.47,86242.06544000
2023-03-25,27462.95,50844.08102000
2023-03-26,27968.05,49671.70353000
2023-03-27,27124.91,88039.46898000
2023-03-28,27261.07,78602.44341000
2023-03-29,28348.60,89486.16008000
2023-03-30,28028.53,98865.43256000
2023-03-31,28465.36,78198.12139000
2023-04-01,28452.73,30238.44753000
2023-04-02,28171.87,37365.65692000
2023-04-03,27800.00,79180.01405000
2023-04-04,28165.47,49722.55691000
2023-04-05,28170.01,60737.64732000
2023-04-06,28033.82,40118.94963000
2023-04-07,27906.33,24762.09387000
2023-04-08,27938.38,19479.96735000
2023-04-09,28323.76,32531.16101000
2023-04-10,29637.34,67754.06220000
2023-04-11,30200.42,67990.07621000
2023-04-12,29888.07,62049.48451000
2023-04-13,30373.84,51934.11731000
2023-04-14,30466.93,75984.19452000
2023-04-15,30295.09,25429.81247000
2023-04-16,30304.65,26431.99322000
2023-04-17,29430.27,56441.81127000
2023-04-18,30380.01,62004.89434000
2023-04-19,28797.10,86575.48656000
2023-04-20,28243.65,76879.09372000
2023-04-21,27262.84,77684.76790000
2023-04-22,27816.85,36023.69686000
2023-04-23,27590.60,34812.09581000
2023-04-24,27510.93,53111.56874000
2023-04-25,28300.79,52325.14637000
2023-04-26,28415.29,129228.40403000
2023-04-27,29472.77,95430.82431000
2023-04-28,29311.70,54298.16578000
2023-04-29,29230.45,20466.83058000
2023-04-30,29233.21,39752.53720000
2023-05-01,28068.26,64433.65958000
2023-05-02,28669.86,50824.52240000
2023-05-03,29026.16,64615.79213000
2023-05-04,28838.16,42575.47501000
2023-05-05,29505.61,58415.83048000
2023-05-06,28848.20,49249.28459000
2023-05-07,28430.10,30003.41028000
2023-05-08,27668.79,68244.36179000
2023-05-09,27628.27,40113.31069000
2023-05-10,27598.75,71155.11355000
2023-05-11,26968.62,47635.31365000
2023-05-12,26795.01,67207.93494000
2023-05-13,26775.28,22814.90421000
2023-05-14,26917.62,21594.80360000
2023-05-15,27162.14,40430.08333000
2023-05-16,27033.84,33270.45451000
2023-05-17,27405.61,42958.97785000
2023-05-18,26821.28,49198.65143000
2023-05-19,26880.26,28754.13544000
2023-05-20,27102.43,14434.54718000
2023-05-21,26747.78,21347.87279000
2023-05-22,26849.27,26458.83828000
2023-05-23,27219.61,38700.83858000
2023-05-24,26329.01,54393.06570000
2023-05-25,26473.79,37435.44895000
2023-05-26,26705.92,35061.18713000
2023-05-27,26854.27,15095.68670000
2023-05-28,28065.00,43916.00855000
2023-05-29,27736.40,42385.41945000
2023-05-30,27694.40,32686.75371000
2023-05-31,27210.35,46588.80573000
2023-06-01,26817.93,39217.80880000
2023-06-02,27242.59,36380.90269000
2023-06-03,27069.22,16595.34117000
2023-06-04,27115.21,19258.41049000
2023-06-05,25728.20,65805.60305000
2023-06-06,27230.08,68392.60438000
2023-06-07,26339.34,59619.44364000
2023-06-08,26498.61,31075.51083000
2023-06-09,26477.81,27934.70970000
2023-06-10,25841.21,64944.60108000
2023-06-11,25925.55,30014.29595000
2023-06-12,25905.19,29900.50893000
2023-06-13,25934.25,41065.60853000
2023-06-14,25128.60,45077.31608000
2023-06-15,25598.49,48664.86063000
2023-06-16,26345.00,51596.91662000
2023-06-17,26516.99,27842.21950000
2023-06-18,26339.97,21538.31022000
2023-06-19,26844.35,35872.65974000
2023-06-20,28307.99,69666.95525000
2023-06-21,29993.89,108926.40412000
2023-06-22,29884.92,59054.56460000
2023-06-23,30688.50,73931.89635000
2023-06-24,30527.43,30513.30135000
2023-06-25,30462.66,30223.44801000
2023-06-26,30267.99,45180.41489000
2023-06-27,30692.44,42699.64157000
2023-06-28,30077.41,40463.51937000
2023-06-29,30447.31,36330.62903000
2023-06-30,30472.00,89419.07618000
2023-07-01,30585.90,17501.75075000
2023-07-02,30617.03,23286.41019000
2023-07-03,31156.20,43761.64311000
2023-07-04,30766.51,33206.11943000
2023-07-05,30504.81,33215.67122000
2023-07-06,29895.43,71319.62610000
2023-07-07,30344.70,34070.53895000
2023-07-08,30284.63,13094.59042000
2023-07-09,30160.71,15388.50196000
2023-07-10,30411.57,41262.87652000
2023-07-11,30622.10,28476.83311000
2023-07-12,30380.00,38108.99669000
2023-07-13,31454.23,70772.51836000
2023-07-14,30312.01,60749.48424000
2023-07-15,30289.52,14118.55329000
2023-07-16,30231.99,15760.12810000
2023-07-17,30138.00,30882.76839000
2023-07-18,29859.13,30003.86010000
2023-07-19,29909.21,25657.36137000
2023-07-20,29800.00,37540.68193000
2023-07-21,29901.72,23881.40865000
2023-07-22,29794.00,14660.40467000
2023-07-23,30083.75,18292.78637000
2023-07-24,29176.50,39628.99691000
2023-07-25,29228.91,21565.74780000
2023-07-26,29351.96,33931.63366000
2023-07-27,29222.78,22476.47626000
2023-07-28,29314.14,23993.61627000
2023-07-29,29352.90,10851.36844000
2023-07-30,29281.09,15706.97441000
2023-07-31,29232.25,22605.48964000
2023-08-01,29705.99,44719.65162000
2023-08-02,29186.01,48181.65141000
2023-08-03,29193.64,26476.91994000
2023-08-04,29113.99,23551.95217000
2023-08-05,29072.13,11645.52018000
2023-08-06,29088.42,13178.19720000
2023-08-07,29211.06,30966.87746000
2023-08-08,29770.42,45700.53392000
2023-08-09,29581.99,38003.88725000
2023-08-10,29455.75,23463.45373000
2023-08-11,29426.03,20637.04430000
2023-08-12,29430.17,8971.48068000
2023-08-13,29303.84,11101.70947000
2023-08-14,29430.93,31443.11532000
2023-08-15,29200.00,27503.87691000
2023-08-16,28730.51,32996.69854000
2023-08-17,26623.41,100271.54033000
2023-08-18,26054.00,69790.65711000
2023-08-19,26100.01,26160.75343000
2023-08-20,26189.99,19056.91209000
2023-08-21,26126.92,30267.24233000
2023-08-22,26056.00,34247.06688000
2023-08-23,26432.72,44023.69978000
2023-08-24,26180.05,30205.22116000
2023-08-25,26060.01,27753.33772000
2023-08-26,26017.37,10022.22322000
2023-08-27,26101.77,12099.64216000
2023-08-28,26120.00,22692.62655000
2023-08-29,27716.34,74251.99488000
2023-08-30,27299.99,35448.25848000
2023-08-31,25940.78,51032.80401000
2023-09-01,25805.05,41032.15056000
2023-09-02,25869.51,16250.77698000
2023-09-03,25971.21,17474.47667000
2023-09-04,25826.02,21777.59609000
2023-09-05,25792.10,21323.39337000
2023-09-06,25759.95,27262.52386000
2023-09-07,26255.00,27687.49567000
2023-09-08,25910.50,28999.76471000
2023-09-09,25901.61,10980.62277000
2023-09-10,25841.61,18738.26914000
2023-09-11,25162.52,41682.32000000
2023-09-12,25840.10,56434.38537000
2023-09-13,26222.00,31610.82753000
2023-09-14,26522.73,38333.17250000
2023-09-15,26600.00,26227.29369000
2023-09-16,26559.67,13960.93351000
2023-09-17,26527.51,12998.10277000
2023-09-18,26762.51,43000.43256000
2023-09-19,27210.26,36190.52187000
2023-09-20,27125.00,34207.21867000
2023-09-21,26568.08,34476.82662000
2023-09-22,26580.14,18198.22920000
2023-09-23,26575.96,9440.70260000
2023-09-24,26248.38,15706.65771000
2023-09-25,26304.81,26266.20390000
2023-09-26,26221.67,18495.35066000
2023-09-27,26372.99,34771.57978000
2023-09-28,27021.39,44517.83491000
2023-09-29,26906.96,28478.76219000
2023-09-30,26962.56,12804.62307000
2023-10-01,27992.57,24602.81468000
2023-10-02,27494.51,57071.14241000
2023-10-03,27426.46,28928.96555000
2023-10-04,27778.57,29816.14200000
2023-10-05,27410.39,30681.49619000
2023-10-06,27931.09,37983.24277000
2023-10-07,27956.67,13348.83825000
2023-10-08,27917.05,19693.56921000
2023-10-09,27590.12,31534.74639000
2023-10-10,27390.12,22776.84383000
2023-10-11,26875.52,37349.44706000
2023-10-12,26759.63,23428.64112000
2023-10-13,26862.00,24115.76499000
2023-10-14,26852.48,10417.25576000
2023-10-15,27154.15,15274.69170000
2023-10-16,28500.78,78399.22445000
2023-10-17,28395.91,38428.44532000
2023-10-18,28320.00,32162.47591000
2023-10-19,28713.71,35895.50179000
2023-10-20,29669.04,59422.09920000
2023-10-21,29909.80,27517.51897000
2023-10-22,29992.46,22852.54563000
2023-10-23,33069.99,93513.64246000
2023-10-24,33922.73,115265.02418000
2023-10-25,34496.05,54887.02529000
2023-10-26,34151.66,39744.66255000
2023-10-27,33892.02,32330.40106000
2023-10-28,34081.00,16880.13144000
2023-10-29,34525.89,20685.52176000
2023-10-30,34474.73,33657.95976000
2023-10-31,34639.77,32737.89822000
2023-11-01,35421.43,53473.28165000
2023-11-02,34941.59,48015.57732000
2023-11-03,34716.78,39071.20644000
2023-11-04,35062.07,18377.55545000
2023-11-05,35011.88,24528.73376000
2023-11-06,35046.09,22346.47086000
2023-11-07,35399.12,38688.73692000
2023-11-08,35624.72,33401.34137000
2023-11-09,36701.09,82537.88885000
2023-11-10,37301.63,43414.04898000
2023-11-11,37130.00,22984.97235000
2023-11-12,37064.13,17687.18874000
2023-11-13,36462.93,32798.18252000
2023-11-14,35551.19,45503.68416000
2023-11-15,37858.20,53569.13385000
2023-11-16,36163.51,47490.39566000
2023-11-17,36613.92,38283.61112000
2023-11-18,36568.10,17102.24186000
2023-11-19,37359.86,21246.34648000
2023-11-20,37448.78,36022.70291000
2023-11-21,35741.65,47646.54804000
2023-11-22,37408.34,45051.30697000
2023-11-23,37294.28,23827.92882000
2023-11-24,37713.57,44680.80646000
2023-11-25,37780.67,11396.14464000
2023-11-26,37447.43,21264.53723000
2023-11-27,37242.70,30001.07376000
2023-11-28,37818.87,37544.46667000
2023-11-29,37854.64,32994.19107000
2023-11-30,37723.96,24740.29147000
2023-12-01,38682.52,43415.66324000
2023-12-02,39450.35,26696.92161000
2023-12-03,39972.26,26710.65335000
2023-12-04,41991.10,79272.33059000
2023-12-05,44073.32,67490.74644000
2023-12-06,43762.69,51431.10492000
2023-12-07,43273.14,47103.26845000
2023-12-08,44170.99,42900.37556000
2023-12-09,43713.60,24925.97008000
2023-12-10,43789.51,18956.61758000
2023-12-11,41253.40,76663.89804000
2023-12-12,41492.39,42722.69773000
2023-12-13,42869.03,45865.99773000
2023-12-14,43022.26,42047.05709000
2023-12-15,41940.30,33421.79320000
2023-12-16,42278.03,24118.85747000
2023-12-17,41374.65,27722.11452000
2023-12-18,42657.80,46734.09250000
2023-12-19,42275.99,40927.86444000
2023-12-20,43668.93,48710.29470000
2023-12-21,43861.80,34624.29384000
2023-12-22,43969.04,32783.19638000
2023-12-23,43702.16,16557.12930000
2023-12-24,42991.50,25144.33496000
2023-12-25,43576.13,27021.23992000
2023-12-26,42508.93,41010.04282000
2023-12-27,43428.85,36191.21136000
2023-12-28,42563.76,35150.52485000
2023-12-29,42066.95,42597.18912000
2023-12-30,42140.28,22906.57818000
2023-12-31,42283.58,23585.91603000
2024-01-01,44179.55,27174.29903000
2024-01-02,44946.91,65146.40661000
2024-01-03,42845.23,81194.55173000
2024-01-04,44151.10,48038.06334000
2024-01-05,44145.11,48075.25327000
2024-01-06,43968.32,17835.06144000
2024-01-07,43929.02,23023.85080000
2024-01-08,46951.04,72814.57589000
2024-01-09,46110.00,69927.66617000
2024-01-10,46653.99,89911.41203000
2024-01-11,46339.16,87470.32960000
2024-01-12,42782.73,86327.93707000
2024-01-13,42847.99,36118.47464000
2024-01-14,41732.35,28228.40894000
2024-01-15,42511.10,40269.89303000
2024-01-16,43137.95,45045.74589000
2024-01-17,42776.10,33266.21388000
2024-01-18,41327.50,43907.51641000
2024-01-19,41659.03,48342.74559000
2024-01-20,41696.04,15923.99493000
2024-01-21,41580.33,11730.16301000
2024-01-22,39568.02,55426.19911000
2024-01-23,39897.60,57956.63351000
2024-01-24,40084.88,39293.82861000
2024-01-25,39961.09,31022.11853000
2024-01-26,41823.51,47384.96726000
2024-01-27,42120.63,16224.41667000
2024-01-28,42031.06,27294.99838000
2024-01-29,43302.70,31542.74207000
2024-01-30,42941.10,37619.24546000
2024-01-31,42580.00,39871.13688000
2024-02-01,43082.94,35231.04664000
2024-02-02,43200.00,29672.14418000
2024-02-03,43011.09,12033.40998000
2024-02-04,42582.88,17066.89404000
2024-02-05,42708.70,29467.75905000
2024-02-06,43098.95,24675.85433000
2024-02-07,44349.60,34392.59915000
2024-02-08,45288.65,45439.62231000
2024-02-09,47132.77,73503.48100000
2024-02-10,47751.09,24802.35936000
2024-02-11,48299.99,29958.80837000
2024-02-12,49917.27,59009.96705000
2024-02-13,49699.59,55551.56706000
2024-02-14,51795.17,57046.37401000
2024-02-15,51880.00,53816.03055000
2024-02-16,52124.11,37772.25318000
2024-02-17,51642.64,25674.00622000
2024-02-18,52137.67,21992.10363000
2024-02-19,51774.73,29534.99432000
2024-02-20,52258.82,49614.47318000
2024-02-21,51849.39,43079.40049000
2024-02-22,51288.42,35309.44574000
2024-02-23,50744.15,30545.79544000
2024-02-24,51568.22,16560.42110000
2024-02-25,51728.85,18721.63159000
2024-02-26,54476.47,51256.72199000
2024-02-27,57037.34,67194.98562000
2024-02-28,62432.10,118763.46984000
2024-02-29,61130.98,78425.07603000
2024-03-01,62387.90,47737.93473000
2024-03-02,61987.28,25534.73659000
2024-03-03,63113.97,28994.90903000
2024-03-04,68245.71,84835.16005000
2024-03-05,63724.01,132696.78130000
2024-03-06,66074.04,78738.85491000
2024-03-07,66823.17,53059.88690000
2024-03-08,68124.19,74261.93284200
2024-03-09,68313.27,19872.89743000
2024-03-10,68955.88,38404.66835000
2024-03-11,72078.10,75292.82572600
2024-03-12,71452.01,68783.54669100
2024-03-13,73072.41,52659.71164700
2024-03-14,71388.94,71757.62874600
2024-03-15,69499.85,103334.03546000
2024-03-16,65300.63,55926.95336000
2024-03-17,68393.48,49742.21589000
2024-03-18,67609.99,55691.08088000
2024-03-19,61937.40,101005.32487000
2024-03-20,67840.51,90420.58592000
2024-03-21,65501.27,53357.48002000
2024-03-22,63796.64,51482.37821000
2024-03-23,63990.01,26410.11409000
2024-03-24,67209.99,31395.78015000
2024-03-25,69880.01,53431.14486000
2024-03-26,69988.00,38934.38417000
2024-03-27,69469.99,49119.35685000
2024-03-28,70780.60,35439.03239000
2024-03-29,69850.54,25445.08353000
2024-03-30,69582.18,13644.61142000
2024-03-31,71280.01,19396.34433000
2024-04-01,69649.80,41445.32039000
2024-04-02,65463.99,71799.82793000
2024-04-03,65963.28,39887.21778000
2024-04-04,68487.79,41510.48453000
2024-04-05,67820.62,37915.23073000
2024-04-06,68896.00,20134.28919000
2024-04-07,69360.39,21534.74433000
2024-04-08,71620.00,45723.87624000
2024-04-09,69146.00,39293.90242000
2024-04-10,70631.08,42006.02377000
2024-04-11,70006.23,31917.25595000
2024-04-12,67116.52,56072.86229000
2024-04-13,63924.51,71395.22019000
2024-04-14,65661.84,61599.17818000
2024-04-15,63419.99,52389.53069000
2024-04-16,63793.39,53435.29331000
2024-04-17,61277.37,50610.54509000
2024-04-18,63470.08,43601.60918000
2024-04-19,63818.01,69774.30271000
2024-04-20,64940.59,23137.42975000
2024-04-21,64941.15,19316.42152000
2024-04-22,66819.32,31397.99371000
2024-04-23,66414.00,22599.90004000
2024-04-24,64289.59,33595.69637000
2024-04-25,64498.34,31341.46338000
2024-04-26,63770.01,27085.19346000
2024-04-27,63461.98,20933.06052000
2024-04-28,63118.62,16949.20005000
2024-04-29,63866.00,28150.22947000
2024-04-30,60672.00,54947.65535000
2024-05-01,58364.97,81166.46823000
2024-05-02,59060.61,47583.81961000
2024-05-03,62882.01,43628.40143000
2024-05-04,63892.04,24368.69282000
2024-05-05,64012.00,18526.75029000
2024-05-06,63165.19,34674.91949000
2024-05-07,62312.08,25598.79472000
2024-05-08,61193.03,26121.19004000
2024-05-09,63074.01,30660.80610000
2024-05-10,60799.99,36529.34025000
2024-05-11,60825.99,13374.56936000
2024-05-12,61483.99,12753.13236000
2024-05-13,62940.08,32733.41839000
2024-05-14,61577.49,29088.72041000
2024-05-15,66206.50,43559.74719000
2024-05-16,65235.21,31106.36710000
2024-05-17,67024.00,26292.23409000
2024-05-18,66915.20,14441.25774000
2024-05-19,66274.01,18025.30409000
2024-05-20,71446.62,50816.70110000
2024-05-21,70148.34,49607.43360000
2024-05-22,69166.62,27673.18026000
2024-05-23,67969.65,40513.17374000
2024-05-24,68549.99,28095.83664000
2024-05-25,69290.57,12130.39418000
2024-05-26,68507.67,11872.11797000
2024-05-27,69436.43,23136.92737000
2024-05-28,68398.39,32622.97042000
2024-05-29,67652.42,23159.83149000
2024-05-30,68352.17,28478.21840000
2024-05-31,67540.01,26690.32184000
2024-06-01,67766.85,8837.66133000
2024-06-02,67765.63,15426.32529000
2024-06-03,68809.90,29633.37400000
2024-06-04,70537.84,29619.78489000
2024-06-05,71108.00,28703.18082000
2024-06-06,70799.06,21842.00449000
2024-06-07,69355.60,35598.45045000
2024-06-08,69310.46,9773.82967000
2024-06-09,69648.14,9890.56709000
2024-06-10,69540.00,17122.66941000
2024-06-11,67314.24,41436.01588000
2024-06-12,68263.99,37175.32356000
2024-06-13,66773.01,29079.55571000
2024-06-14,66043.99,28408.18797000
2024-06-15,66228.25,11451.80242000
2024-06-16,66676.87,9392.52223000
2024-06-17,66504.33,27386.16851000
2024-06-18,65175.32,42350.10244000
2024-06-19,64974.37,20060.79576000
2024-06-20,64869.99,24265.29031000
2024-06-21,64143.56,25993.56442000
2024-06-22,64262.01,7308.95542000
2024-06-23,63210.01,8224.45447000
2024-06-24,60293.30,52161.35414000
2024-06-25,61806.01,31189.24361000
2024-06-26,60864.99,22485.66463000
2024-06-27,61706.47,18344.28631000
2024-06-28,60427.84,24821.19255000
2024-06-29,60986.68,11509.55904000
2024-06-30,62772.01,17326.30136000
2024-07-01,62899.99,24547.10538000
2024-07-02,62135.47,18573.11875000
2024-07-03,60208.58,32160.11127000
2024-07-04,57050.01,54568.77276000
2024-07-05,56628.79,81348.24756000
2024-07-06,58230.13,21651.31558000
2024-07-07,55857.81,19118.93918000
2024-07-08,56714.62,48090.20490000
2024-07-09,58050.00,27732.20788000
2024-07-10,57725.85,24951.73799000
2024-07-11,57339.89,29761.05735000
2024-07-12,57889.10,23652.45690000
2024-07-13,59204.02,15357.74519000
2024-07-14,60797.91,21178.33907000
2024-07-15,64724.14,38690.97820000
2024-07-16,65043.99,42530.52915000
2024-07-17,64087.99,29567.52954000
2024-07-18,63987.92,22568.72250000
2024-07-19,66660.00,35634.72739000
2024-07-20,67139.96,14386.92434000
2024-07-21,68165.34,21819.11191000
2024-07-22,67532.01,21451.04303000
2024-07-23,65936.01,31406.15316000
2024-07-24,65376.00,23082.56277000
2024-07-25,65799.95,35126.42934000
2024-07-26,67907.99,24244.36023000
2024-07-27,67896.50,31710.21921000
2024-07-28,68249.88,10868.69394000
2024-07-29,66784.69,36467.29633000
2024-07-30,66188.00,23132.25441000
2024-07-31,64628.00,22625.43905000
2024-08-01,65354.02,35542.26854000
2024-08-02,61498.33,38820.42937000
2024-08-03,60697.99,28034.71567000
2024-08-04,58161.00,31616.52003000
2024-08-05,54018.81,162065.59186000
2024-08-06,56022.01,55884.77676000
2024-08-07,55134.16,44269.37684000
2024-08-08,61685.99,48349.52949000
2024-08-09,60837.99,30972.48017000
2024-08-10,60923.51,9995.20621000
2024-08-11,58712.59,19189.84512000
2024-08-12,59346.64,37009.91743000
2024-08-13,60587.15,27858.95851000
2024-08-14,58683.39,28422.76326000
2024-08-15,57541.06,37686.17622000
2024-08-16,58874.60,27610.84344000
2024-08-17,59491.99,7721.72931000
2024-08-18,58427.35,13634.85717000
2024-08-19,59438.50,22809.31251000
2024-08-20,59013.80,31477.44548000
2024-08-21,61156.03,27983.64220000
2024-08-22,60375.84,21241.20588000
2024-08-23,64037.24,38118.07089000
2024-08-24,64157.01,15857.15616000
2024-08-25,64220.00,12305.47977000
2024-08-26,62834.00,19470.05276000
2024-08-27,59415.00,35135.94178000
2024-08-28,59034.90,36868.54275000
2024-08-29,59359.01,27020.90743000
2024-08-30,59123.99,28519.32195000
2024-08-31,58973.99,8798.40900000
2024-09-01,57301.86,20705.15741000
2024-09-02,59132.13,22895.01461000
2024-09-03,57487.73,22828.18447000
2024-09-04,57970.90,35560.82146000
2024-09-05,56180.00,27806.91413000
2024-09-06,53962.97,54447.76826000
2024-09-07,54160.86,16694.04774000
2024-09-08,54869.95,16274.14779000
2024-09-09,57042.00,32384.51737000
2024-09-10,57635.99,23626.78126000
2024-09-11,57338.00,33026.56757000
2024-09-12,58132.32,31074.40631000
2024-09-13,60498.00,29825.23333000
2024-09-14,59993.03,12137.90901000
2024-09-15,59132.00,13757.92361000
2024-09-16,58213.99,26477.56420000
2024-09-17,60313.99,33116.25878000
2024-09-18,61759.99,36087.02469000
2024-09-19,62947.99,34332.52608000
2024-09-20,63201.05,25466.37794000
2024-09-21,63348.96,8375.34608000
2024-09-22,63578.76,14242.19892000
2024-09-23,63339.99,24078.05287000
2024-09-24,64262.70,23185.04759000
2024-09-25,63152.01,17813.11168000
2024-09-26,65173.99,28373.30593000
2024-09-27,65769.95,22048.80487000
2024-09-28,65858.00,9127.23316000
2024-09-29,65602.01,8337.74111000
2024-09-30,63327.59,30011.08752000
2024-10-01,60805.78,43671.48108000
2024-10-02,60649.28,31534.70118000
2024-10-03,60752.71,26221.43472000
2024-10-04,62086.00,21294.65994000
2024-10-05,62058.00,7807.46141000
2024-10-06,62819.91,8906.86177000
2024-10-07,62224.00,25966.18520000
2024-10-08,62160.49,19702.22371000
2024-10-09,60636.02,20011.15684000
2024-10-10,60326.39,23967.92481000
2024-10-11,62540.00,23641.35209000
2024-10-12,63206.22,10911.30116000
2024-10-13,62870.02,11909.21995000
2024-10-14,66083.99,37669.95222000
2024-10-15,67074.14,43683.95423000
2024-10-16,67620.01,29938.25544000
2024-10-17,67421.78,25328.22861000
2024-10-18,68428.00,28725.63500000
2024-10-19,68378.00,8193.66737000
2024-10-20,69031.99,12442.47378000
2024-10-21,67377.50,31374.42184000
2024-10-22,67426.00,24598.96268000
2024-10-23,66668.65,25530.24070000
2024-10-24,68198.28,22589.83877000
2024-10-25,66698.33,34479.71125000
2024-10-26,67092.76,11842.90770000
2024-10-27,68021.70,8653.19592000
2024-10-28,69962.21,29046.75459000
2024-10-29,72736.42,50128.60594000
2024-10-30,72344.74,26885.99056000
2024-10-31,70292.01,29352.10297000
2024-11-01,69496.01,38301.86755000
2024-11-02,69374.74,10521.67243000
2024-11-03,68775.99,24995.70243000
2024-11-04,67850.01,29800.39187000
2024-11-05,69372.01,33355.06888000
2024-11-06,75571.99,104126.99478700
2024-11-07,75857.89,44869.42234500
2024-11-08,76509.78,36521.09958300
2024-11-09,76677.46,16942.07915000
2024-11-10,80370.01,61830.10043500
2024-11-11,88647.99,82323.66577600
2024-11-12,87952.01,97299.88791100
2024-11-13,90375.20,86763.85412700
2024-11-14,87325.59,56729.51086000
2024-11-15,91032.07,47927.95068000
2024-11-16,90586.92,22717.87689000
2024-11-17,89855.99,23867.55609000
2024-11-18,90464.08,46545.03448000
2024-11-19,92310.79,43660.04682000
2024-11-20,94286.56,42203.19871200
2024-11-21,98317.12,69228.36047700
2024-11-22,98892.00,46189.30924300
2024-11-23,97672.40,24757.84367000
2024-11-24,97900.04,31200.97838000
2024-11-25,93010.01,50847.45096000
2024-11-26,91965.16,57858.73138000
2024-11-27,95863.11,41153.42734000
2024-11-28,95643.98,28814.54357000
2024-11-29,97460.00,27701.78231000
2024-11-30,96407.99,14503.83306000
2024-12-01,97185.18,16938.60452000
2024-12-02,95840.62,37958.66981000
2024-12-03,95849.69,35827.32283000
2024-12-04,98587.32,43850.53728000
2024-12-05,96945.63,109921.72966200
2024-12-06,99740.84,45049.53310000
2024-12-07,99831.99,14931.94590000
2024-12-08,101109.59,14612.99688000
2024-12-09,97276.47,53949.11595000
2024-12-10,96593.00,51708.68933000
2024-12-11,101125.00,37753.78291000
2024-12-12,100004.29,29232.08745000
2024-12-13,101424.25,21904.03923000
2024-12-14,101420.00,14191.70326000
2024-12-15,104463.99,22228.92177500
2024-12-16,106058.66,41302.40274000
2024-12-17,106133.74,29064.93646600
2024-12-18,100204.01,50307.99755000
2024-12-19,97461.86,55147.39800000
2024-12-20,97805.44,62884.13570000
2024-12-21,97291.99,23483.54143000
2024-12-22,95186.27,19353.83036000
2024-12-23,94881.47,32810.76703000
2024-12-24,98663.58,23674.22488000
2024-12-25,99429.60,14474.16510000
2024-12-26,95791.60,21192.36727000
2024-12-27,94299.03,26501.26429000
2024-12-28,95300.00,8385.89290000
2024-12-29,93738.20,13576.00578000
2024-12-30,92792.05,27619.42250000
2024-12-31,93576.00,19612.03389000
2025-01-01,94591.79,10373.32613000
2025-01-02,96984.79,21970.48948000
2025-01-03,98174.18,15253.82936000
2025-01-04,98220.50,8990.05651000
2025-01-05,98363.61,8095.63723000
2025-01-06,102235.60,25263.43375000
2025-01-07,96954.61,32059.87537000
2025-01-08,95060.61,33704.67894000
2025-01-09,92552.49,34544.83685000
2025-01-10,94726.11,31482.86424000
2025-01-11,94599.99,7047.90430000
2025-01-12,94545.06,8606.86622000
2025-01-13,94536.10,42619.56423000
2025-01-14,96560.86,27846.61753000
2025-01-15,100497.35,30509.99179000
2025-01-16,99987.30,27832.85317000
2025-01-17,104077.48,39171.85292000
2025-01-18,104556.23,24307.82998000
2025-01-19,101331.57,43397.28298000
2025-01-20,102260.01,89529.23173200
2025-01-21,106143.82,45941.02002000
2025-01-22,103706.66,22248.69254000
2025-01-23,103910.34,53953.12031000
2025-01-24,104870.50,23609.24017000
2025-01-25,104746.85,9068.32377000
2025-01-26,102620.00,9812.51238000
2025-01-27,102082.83,50758.13410000
2025-01-28,101335.52,22022.05765000
2025-01-29,103733.24,23155.35802000
2025-01-30,104722.94,19374.07472000
2025-01-31,102429.56,21983.18193000
2025-02-01,100635.65,12290.95747000
2025-02-02,97700.59,34619.49939000
2025-02-03,101328.52,75164.73850000
2025-02-04,97763.13,40267.98697000
2025-02-05,96612.43,26233.30444000
2025-02-06,96554.35,23515.20405000
2025-02-07,96506.80,31794.22065000
2025-02-08,96444.74,10147.24294000
2025-02-09,96462.75,14120.91613000
2025-02-10,97430.82,20572.87537000
2025-02-11,95778.20,18647.76379000
2025-02-12,97869.99,29151.16625000
2025-02-13,96608.14,19921.77616000
2025-02-14,97500.48,18173.02646000
2025-02-15,97569.66,7349.37683000
2025-02-16,96118.12,8191.42490000
2025-02-17,95780.00,16492.04510000
2025-02-18,95671.74,23368.19471000
2025-02-19,96644.37,16438.50954000
2025-02-20,98305.00,17057.39177000
2025-02-21,96181.98,32249.28140000
2025-02-22,96551.01,11268.17708000
2025-02-23,96258.00,10884.84913000
2025-02-24,91552.88,31550.10299000
2025-02-25,88680.40,78333.11111000
2025-02-26,84250.09,56893.54409000
2025-02-27,84708.58,42505.45439000
2025-02-28,84349.94,83648.03969000
2025-03-01,86064.53,25785.05464000
2025-03-02,94270.00,54889.09045000
2025-03-03,86220.61,59171.10218000
2025-03-04,87281.98,55609.10706000
2025-03-05,90606.01,38264.01163000
2025-03-06,89931.89,34342.44902000
2025-03-07,86801.75,57980.35713000
2025-03-08,86222.45,12989.23054000
2025-03-09,80734.37,26115.39345000
2025-03-10,78595.86,47633.38405000
2025-03-11,82932.99,48770.06853000
2025-03-12,83680.12,31933.98600000
2025-03-13,81115.78,27546.27412000
2025-03-14,83983.20,26858.52755000
2025-03-15,84338.44,11324.73320000
2025-03-16,82574.53,17596.12531000
2025-03-17,84010.03,17214.74358000
2025-03-18,82715.03,17610.89883000
2025-03-19,86845.94,28151.05374000
2025-03-20,84223.39,22090.30463000
2025-03-21,84088.79,11956.97443000
2025-03-22,83840.59,5420.22114000
2025-03-23,86082.50,8461.97813000
2025-03-24,87498.16,30115.62111000
2025-03-25,87392.87,22643.25248000
2025-03-26,86909.17,18408.78485000
2025-03-27,87232.01,17098.03897000
2025-03-28,84424.38,27182.73169000
2025-03-29,82648.54,11696.39864000
2025-03-30,82389.99,9864.49508000
2025-03-31,82550.01,20569.13885000
2025-04-01,85158.34,20190.39697000
2025-04-02,82516.29,39931.45700000
2025-04-03,83213.09,27337.84135000
2025-04-04,83889.87,32915.53976000
2025-04-05,83537.99,9360.40468000
2025-04-06,78430.00,27942.71436000
2025-04-07,79163.24,78387.53089000
2025-04-08,76322.42,35317.32063000
2025-04-09,82615.22,75488.28772000
2025-04-10,79607.30,33284.80718000
2025-04-11,83423.84,34435.43797000
2025-04-12,85276.90,18470.74437000
2025-04-13,83760.00,24680.04181000
2025-04-14,84591.58,28659.09348000
2025-04-15,83643.99,20910.99528000
2025-04-16,84030.38,20867.24519000
2025-04-17,84947.91,13728.84772000
2025-04-18,84474.69,6529.96315000
2025-04-19,85077.01,9666.58153000
2025-04-20,85179.24,8091.67725000
2025-04-21,87516.23,31773.37262000
2025-04-22,93442.99,43872.74705000
2025-04-23,93691.08,27404.16808000
2025-04-24,93980.47,19497.06071000
2025-04-25,94638.68,27500.66648000
2025-04-26,94628.00,9415.06875000
2025-04-27,93749.30,11162.84100000
2025-04-28,95011.18,22157.53351000
2025-04-29,94256.82,16955.34020000
2025-04-30,94172.00,17661.27510000
2025-05-01,96489.91,21380.45343000
2025-05-02,96887.14,14905.74811000
2025-05-03,95856.42,9723.34838000
2025-05-04,94277.62,11036.38342000
2025-05-05,94733.68,17251.18189000
2025-05-06,96834.02,16122.64513000
2025-05-07,97030.50,16644.83854000
2025-05-08,103261.60,34962.02847000
2025-05-09,102971.99,27617.39907000
2025-05-10,104809.53,15324.78611000
2025-05-11,104118.00,17987.12197000
2025-05-12,102791.32,31272.77792000
2025-05-13,104103.72,21253.42409000
2025-05-14,103507.82,16452.90810000
2025-05-15,103763.71,17998.98604000
2025-05-16,103463.90,15683.88024000
2025-05-17,103126.65,11250.89622000
2025-05-18,106454.26,21599.98726000
2025-05-19,105573.74,30260.03524000
2025-05-20,106849.99,23705.48275000
2025-05-21,109643.99,45531.04034500
2025-05-22,111696.21,31630.77313000
2025-05-23,107318.30,31737.72309000
2025-05-24,107761.91,16782.53129000
2025-05-25,109004.19,17710.04695000
2025-05-26,109434.79,14649.11593000
2025-05-27,108938.17,21276.65635000
2025-05-28,107781.78,15633.78829000
2025-05-29,105589.75,19834.70116000
2025-05-30,103985.48,23706.49799000
2025-05-31,104591.88,11289.35922000
2025-06-01,105642.93,9709.70006000
2025-06-02,105857.99,13453.98813000
2025-06-03,105376.89,13259.52634000
2025-06-04,104696.86,14034.89482000
2025-06-05,101508.68,22321.50154000
2025-06-06,104288.44,15839.07385000
2025-06-07,105552.15,8344.93206000
2025-06-08,105734.00,8048.06305000
2025-06-09,110263.02,19975.37451000
2025-06-10,110274.39,17071.82839000
2025-06-11,108645.12,13115.91638000
2025-06-12,105671.73,17778.67218000
2025-06-13,106066.59,26180.81734000
2025-06-14,105414.64,8798.93969000
2025-06-15,105594.01,7164.20047000
2025-06-16,106794.53,14922.66540000
2025-06-17,104551.17,17866.33025000
2025-06-18,104886.78,13968.64167000
2025-06-19,104658.59,7678.60737000
2025-06-20,103297.99,16419.06283000
2025-06-21,102120.01,11154.21332000
2025-06-22,100963.87,28746.41072000
2025-06-23,105333.93,27666.50609000
2025-06-24,106083.00,14651.69335000
2025-06-25,107340.58,16701.15551000
2025-06-26,106947.06,10573.27279000
2025-06-27,107047.59,12232.44042000
2025-06-28,107296.79,3282.17352000
2025-06-29,108356.93,6831.73640000
2025-06-30,107146.50,9754.12491000
2025-07-01,105681.14,10505.62437000
2025-07-02,108849.60,17691.89592000
2025-07-03,109584.78,13047.08225000
2025-07-04,107984.24,11793.86615000
2025-07-05,108198.12,3736.97570000
2025-07-06,109203.84,6447.60700000
2025-07-07,108262.94,9405.37601000
2025-07-08,108922.98,9216.02080000
2025-07-09,111233.99,17282.28650000
2025-07-10,116010.00,24883.45066500
2025-07-11,117527.66,25873.52114800
2025-07-12,117420.00,8446.60437000
2025-07-13,119086.64,9550.79294700
2025-07-14,119841.18,27269.34887700
2025-07-15,117758.09,32018.46083000
2025-07-16,118630.43,17039.90851000
2025-07-17,119177.56,15728.57651000
2025-07-18,117924.84,19924.66266000
2025-07-19,117840.00,6635.80306000
2025-07-20,117265.12,12962.92889000
2025-07-21,117380.36,17107.33128000
2025-07-22,119954.42,20959.12973000
2025-07-23,118755.99,14558.75083000
2025-07-24,118340.99,15806.89043000
2025-07-25,117614.31,38406.34873000
2025-07-26,117919.99,6991.67206000
2025-07-27,119415.55,9328.30919000
2025-07-28,118062.32,13961.74754000
2025-07-29,117950.76,15137.93445000
2025-07-30,117840.30,15586.73631000
2025-07-31,115764.08,17010.00730000
2025-08-01,113297.93,24487.10206000
2025-08-02,112546.35,11507.33428000
2025-08-03,114208.80,7397.76046000
2025-08-04,115055.03,9667.67916000
2025-08-05,114129.75,12042.79078000
2025-08-06,114992.27,9761.15318000
2025-08-07,117472.01,13468.56263000
2025-08-08,116674.74,10045.31278000
2025-08-09,116462.25,9514.13144000
2025-08-10,119294.01,14322.77073000
2025-08-11,118686.00,26494.33429000
2025-08-12,120134.08,16720.10893000
2025-08-13,123306.43,23210.07102000
2025-08-14,118295.09,27980.94758600
2025-08-15,117342.05,13623.33874000
2025-08-16,117380.66,6393.68117000
2025-08-17,117405.01,5898.64192000
2025-08-18,116227.05,17745.93954000
2025-08-19,112872.94,18065.47424000
2025-08-20,114271.24,15636.34194000
2025-08-21,112500.00,10839.69235000
2025-08-22,116935.99,23128.09037000
2025-08-23,115438.05,11329.36197000
2025-08-24,113493.59,21175.98462000
2025-08-25,110111.98,25182.79379000
2025-08-26,111763.22,18452.43877000
2025-08-27,111262.01,13392.60875000
2025-08-28,112566.90,11104.27744000
2025-08-29,108377.40,22580.31045000
2025-08-30,108816.33,10708.39159000
2025-08-31,108246.35,9489.51596000
2025-09-01,109237.42,16053.60219000
2025-09-02,111240.01,18510.28756000
2025-09-03,111705.71,11773.72084000
2025-09-04,110730.87,12203.13536000
2025-09-05,110659.99,21587.40888000
2025-09-06,110187.97,5000.29897000
2025-09-07,111137.34,5681.29944000
2025-09-08,112065.23,11582.40211000
2025-09-09,111546.39,15379.28248000
2025-09-10,113960.00,17517.41823000
2025-09-11,115482.69,13676.73119000
2025-09-12,116029.42,15324.10719000
2025-09-13,115918.29,8269.40394000
2025-09-14,115268.01,6707.60197000
2025-09-15,115349.71,13212.51149000
2025-09-16,116788.96,10926.90940000
2025-09-17,116447.59,16754.24540000
2025-09-18,117073.53,11657.23365000
2025-09-19,115632.38,8992.09065000
2025-09-20,115685.63,4674.92752000
2025-09-21,115232.29,4511.52219000
2025-09-22,112650.99,20781.71356000
2025-09-23,111998.80,12301.32030000
2025-09-24,113307.00,12369.25967000
2025-09-25,108994.49,21231.14957000
2025-09-26,109643.46,14243.01591000
2025-09-27,109635.85,5501.78643000
2025-09-28,112163.95,7542.33160000
2025-09-29,114311.96,15541.12005000
2025-09-30,114048.93,15044.15633000
2025-10-01,118594.99,20036.39516000
2025-10-02,120529.35,19670.83503000
2025-10-03,122232.00,23936.32800000
2025-10-04,122391.00,8208.16678000
2025-10-05,123482.31,22043.09755300
2025-10-06,124658.54,19494.62879300
2025-10-07,121332.95,21633.99385000
2025-10-08,123306.00,17012.61800000
2025-10-09,121662.40,21559.36007000
2025-10-10,112774.50,64171.93927000
2025-10-11,110644.40,35448.51652000
2025-10-12,114958.80,32255.30272000
2025-10-13,115166.00,22557.24033000
2025-10-14,113028.14,31870.32974000
2025-10-15,110763.28,22986.48811000
2025-10-16,108194.28,29857.17252000
2025-10-17,106431.68,37920.66838000
2025-10-18,107185.01,11123.18766000
2025-10-19,108642.78,15480.66423000
2025-10-20,110532.09,19193.44160000
2025-10-21,108297.67,37228.01659000
2025-10-22,107567.44,28610.78451000
2025-10-23,110078.18,17573.09294000
2025-10-24,111004.89,15005.16913000
2025-10-25,111646.27,6407.96864000
2025-10-26,114559.40,13454.47737000
2025-10-27,114107.65,21450.23241000
2025-10-28,112898.45,15523.42257000
2025-10-29,110021.29,21079.71376000
2025-10-30,108322.88,25988.82838000
2025-10-31,109608.01,21518.20439000
2025-11-01,110098.10,7378.50431000
2025-11-02,110540.68,12107.00087000
2025-11-03,106583.04,28681.18779000
2025-11-04,101497.22,50534.87376000
2025-11-05,103885.16,33778.77571000
2025-11-06,101346.04,25814.62139000
2025-11-07,103339.08,32059.50942000
2025-11-08,102312.94,12390.77985000
2025-11-09,104722.96,16338.97096000
2025-11-10,106011.13,22682.25673000
2025-11-11,103058.99,24196.50718000
2025-11-12,101654.37,20457.63906000
2025-11-13,99692.02,36198.50771000
2025-11-14,94594.00,47288.14481000
2025-11-15,95596.24,15110.89391000
2025-11-16,94261.44,23889.40510000
2025-11-17,92215.14,39218.59806000
2025-11-18,92960.83,39835.14769000
2025-11-19,91554.96,32286.63760000
2025-11-20,86637.23,39733.19073000
2025-11-21,85129.43,72256.12679000
2025-11-22,84739.74,14193.93263000
2025-11-23,86830.00,19734.46418000
2025-11-24,88300.01,24663.12795000
2025-11-25,87369.96,19567.04110000
2025-11-26,90484.02,21675.82239000
2025-11-27,91333.95,16833.50932000
2025-11-28,90890.70,18830.86012000
2025-11-29,90802.44,7429.88291000
2025-11-30,90360.00,9687.74175000
2025-12-01,86286.01,34509.01227000
2025-12-02,91277.88,28210.22732000
2025-12-03,93429.95,25712.52585000
2025-12-04,92078.06,19803.94059000
2025-12-05,89330.04,19792.97218000
2025-12-06,89236.79,8409.50016000
2025-12-07,90395.31,13021.11185000
2025-12-08,90634.34,15793.63887000
2025-12-09,92678.80,21240.43014000
2025-12-10,92015.37,18998.68083000
2025-12-11,92513.38,19972.58758000
2025-12-12,90268.42,16679.19169000
2025-12-13,90240.01,5895.70788000
2025-12-14,88172.17,9416.94004000
2025-12-15,86432.08,19778.69190000
2025-12-16,87863.42,18456.05017000
2025-12-17,86243.22,19834.11729000
2025-12-18,85516.41,25405.41763000
2025-12-19,88136.94,21256.65004000
2025-12-20,88360.90,5123.13194000
2025-12-21,88658.86,7132.87258000
2025-12-22,88620.79,14673.21970000
2025-12-23,87486.00,13910.32904000
2025-12-24,87669.45,9140.84320000
2025-12-25,87225.27,7096.58235000
2025-12-26,87369.56,18344.61505000
2025-12-27,87877.01,4469.55156000
2025-12-28,87952.71,4446.29285000
2025-12-29,87237.13,19894.98575000
2025-12-30,88485.49,13105.91001000
2025-12-31,87648.22,11558.62047000
2026-01-01,88839.04,6279.57133000
2026-01-02,89995.13,17396.97301000
2026-01-03,90628.01,7057.46716000
2026-01-04,91529.73,10426.52970000
2026-01-05,93859.71,20673.59584000
2026-01-06,93747.97,18546.41829000
2026-01-07,91364.16,14276.49025000
2026-01-08,91099.99,16132.79117000
2026-01-09,90641.28,15590.27939000
2026-01-10,90504.70,3104.11722000
2026-01-11,91013.65,5477.13594000
2026-01-12,91296.20,16188.08268000
2026-01-13,95414.00,23021.51482000
2026-01-14,96951.78,22851.89428000
2026-01-15,95604.80,21725.81369000
2026-01-16,95550.94,11167.71460000
2026-01-17,95147.77,4280.80137000
2026-01-18,93673.14,6895.17819000
2026-01-19,92631.00,14295.52747000
2026-01-20,88427.66,22007.32610000
2026-01-21,89454.73,20617.50372000
2026-01-22,89559.67,10825.50492000
2026-01-23,89600.26,13918.48919000
2026-01-24,89225.34,4226.56737000
2026-01-25,86670.36,14426.22019000
2026-01-26,88347.08,17766.51453000
2026-01-27,89250.00,13125.40425000
2026-01-28,89299.99,14332.18502000
2026-01-29,84650.16,30431.38201000
2026-01-30,84260.49,35195.84793000
2026-01-31,78741.09,39491.89133000
2026-02-01,76968.21,25395.48168000
2026-02-02,78738.61,42273.59016000
2026-02-03,75770.21,39120.10889000
2026-02-04,73165.83,38375.36000000
2026-02-05,62909.86,106298.82899000
2026-02-06,70580.26,92539.21531000
2026-02-07,69289.38,44255.48036000
2026-02-08,70330.38,21420.53168000
2026-02-09,70138.00,29152.72842000
2026-02-10,68841.29,20373.77072000
2026-02-11,67082.52,28718.24602000
2026-02-12,66272.17,24271.74283000
2026-02-13,68853.96,20244.54955000
2026-02-14,69822.95,18114.78393000
2026-02-15,68832.58,22290.05208000
2026-02-16,68892.43,15515.76534000
2026-02-17,67503.52,16489.06921000
2026-02-18,66461.00,15492.43839000
2026-02-19,67003.73,14542.26988000
2026-02-20,68020.01,35351.87091000
2026-02-21,67975.93,8032.84131000
2026-02-22,67643.40,8175.13484000
2026-02-23,64656.02,33075.90923000
2026-02-24,64058.15,23102.83622000
2026-02-25,67988.04,30749.99259000
2026-02-26,67485.18,20737.77792000
2026-02-27,65872.10,21228.58424000
2026-02-28,66973.26,22548.71649000
2026-03-01,65776.47,23201.85859000
2026-03-02,68830.06,32010.38431000
2026-03-03,68338.00,24972.24180000
2026-03-04,72666.77,44919.07610000
2026-03-05,70890.72,26590.51253000
2026-03-06,68114.02,22629.88722000
2026-03-07,67262.91,12719.54315000
2026-03-08,65971.20,21593.63901000
2026-03-09,68432.16,28896.72130000
2026-03-10,69948.63,32602.57726000
2026-03-11,70191.86,27249.27542000
2026-03-12,70541.34,21997.16050000
2026-03-13,70930.00,35996.61678000
2026-03-14,71211.95,13017.24737000
2026-03-15,72815.24,14037.30704000
2026-03-16,74884.67,28409.53019000
2026-03-17,73909.36,24521.26636000
2026-03-18,71246.54,23392.88093000
2026-03-19,69930.00,22364.81819000
2026-03-20,70510.73,18121.16745000
2026-03-21,68918.12,13397.16750000
2026-03-22,67859.00,14843.78682000
2026-03-23,70906.45,28335.09119000
2026-03-24,70556.74,20702.42244000
2026-03-25,71336.53,17719.50066000
2026-03-26,68820.31,20820.45768000
2026-03-27,66407.28,28603.69557000
2026-03-28,66377.03,11462.39847000
2026-03-29,66010.93,10052.85584000
2026-03-30,66797.37,18353.38975000
2026-03-31,68284.48,22105.40662000
2026-04-01,68113.92,19020.18990000
2026-04-02,66901.99,20203.47916000
2026-04-03,66964.30,11429.13131000
2026-04-04,67300.42,7373.51613000
2026-04-05,69034.18,11733.46752000
2026-04-06,68853.66,20281.61044000
2026-04-07,71924.22,23750.49661000
2026-04-08,71069.93,19802.68627000
2026-04-09,71787.97,18158.42159000
2026-04-10,72962.70,17372.63288000
2026-04-11,73043.16,9070.94374000
2026-04-12,70740.98,13472.46801000
2026-04-13,74417.99,24230.21625000
2026-04-14,74131.55,26532.94456000
2026-04-15,74809.99,14425.04167000
2026-04-16,75154.29,17088.68777000
2026-04-17,77072.00,25941.36694000
2026-04-18,75691.76,9141.84456000
2026-04-19,73801.79,11369.82232000
2026-04-20,75840.97,16993.41034000
2026-04-21,76336.15,14912.57132000
2026-04-22,78178.23,19737.51225000
2026-04-23,78257.48,16970.79501000
2026-04-24,77437.13,12675.14315000
2026-04-25,77625.00,5685.11420000
2026-04-26,78657.55,7963.56162000
2026-04-27,77371.32,16046.92418000
2026-04-28,76342.77,13210.72383000
2026-04-29,75780.00,18279.93022000
2026-04-30,76346.57,10381.81607000
2026-05-01,78231.13,17315.46502000
2026-05-02,78686.85,6150.87642000
2026-05-03,78568.57,7425.79290000
2026-05-04,79861.01,26042.96135000
2026-05-05,80905.52,16947.17995000
2026-05-06,81447.01,18798.77396000
2026-05-07,80006.00,16154.80338000
2026-05-08,80193.17,16001.31009000
2026-05-09,80678.40,7548.42177000
2026-05-10,82210.07,12034.31882000
2026-05-11,81745.65,12951.76056000
2026-05-12,80504.47,12386.25676000
2026-05-13,79313.61,14810.05643000
2026-05-14,81089.99,19727.86807000
2026-05-15,79113.21,17351.27079000
2026-05-16,78148.05,12132.86192000
2026-05-17,77457.67,8442.70220000
2026-05-18,77001.87,18745.51678000
2026-05-19,76834.36,11024.85978000
2026-05-20,77552.23,11296.26307000
2026-05-21,77615.52,11318.25841000
2026-05-22,75539.50,11272.36134000
2026-05-23,76752.01,15086.88814000
2026-05-24,77064.96,8398.00156000
2026-05-25,77322.01,7672.32197000
2026-05-26,75930.01,16953.47629000
2026-05-27,74449.30,16877.77483000
2026-05-28,73617.51,21274.02026000
2026-05-29,73460.78,18686.74141000
2026-05-30,73884.38,7515.40909000
2026-05-31,73674.39,6986.45707000
2026-06-01,71408.90,23921.09184000
2026-06-02,66760.83,32858.19586000
2026-06-03,64142.75,30138.30650000
2026-06-04,63885.99,43577.17571000
2026-06-05,61056.47,55027.28807000
2026-06-06,60884.62,19795.58877000
2026-06-07,63332.01,26612.10443000
2026-06-08,63085.99,23053.38624000
2026-06-09,61730.00,21636.21959000
2026-06-10,61510.99,15998.71652000
2026-06-11,63625.99,17380.94642000
2026-06-12,63580.01,16397.05240000
2026-06-13,64458.01,9960.74163000
2026-06-14,65746.45,13203.03375000
2026-06-15,66328.74,18559.80102000
2026-06-16,65675.01,14302.05801000
2026-06-17,64509.40,19048.65409000
2026-06-18,62958.01,16935.59661000
2026-06-19,63543.91,14247.42400000
2026-06-20,64298.01,9522.10324000
2026-06-21,63311.99,8034.66333000
2026-06-22,64020.01,15423.10851000
2026-06-23,62734.57,20222.99292000
2026-06-24,61077.99,30678.28543000
2026-06-25,59794.00,30386.00694000
2026-06-26,60097.27,27403.55723000
2026-06-27,60029.00,9587.22916000
2026-06-28,59577.01,8907.13796000
2026-06-29,60260.21,20203.14178000
2026-06-30,58624.71,19639.82787000
2026-07-01,60024.00,25093.44662000
2026-07-02,61560.00,21382.14163000
2026-07-03,62583.26,14048.98627000
2026-07-04,63144.01,9139.82740000
2026-07-05,63650.00,9172.07758000
2026-07-06,64042.02,21435.28437000
2026-07-07,63363.99,16834.20823000
2026-07-08,62290.00,18620.09796000
2026-07-09,63230.00,16742.80672000
2026-07-10,64161.72,17589.00122000
2026-07-11,63819.00,9151.97432000
2026-07-12,63780.00,13914.83703000
2026-07-13,62334.52,21682.50204000
2026-07-14,65043.98,20552.41384000
2026-07-15,64756.28,18401.89741000
2026-07-16,63830.20,18764.52679000
2026-07-17,63931.67,18189.89389000
2026-07-18,64834.22,8031.18012000
2026-07-19,64722.54,8379.91474000
2026-07-20,65255.51,21323.48702000
2026-07-21,66556.16,18618.28087000
2026-07-22,66114.49,18074.86602000
2026-07-23,65098.97,14698.22673000
2026-07-24,64139.99,16821.27180000
2026-07-25,64375.00,8863.05030000
2026-07-26,65399.99,7933.06089000
2026-07-27,63755.86,14791.90543000
2026-07-28,63915.00,13889.82996000
2026-07-29,63984.28,16780.11912000
2026-07-30,64780.02,17131.58486000
2026-07-31,62887.88,20475.60686000
2026-08-01,62823.64,7563.08904000
2026-08-02,63570.00,8387.01154000
2026-08-03,63520.00,15543.29743000
2026-08-04,64106.56,13690.47909000
2026-08-05,64665.23,12742.85528000
2026-08-06,64323.61,9864.43284000
2026-08-07,64826.96,7853.95851000
